{
  "salary_distribution": [
    150000000.0,
    15000000.0,
    5000000.0,
    3000000.0,
    1000000.0,
    5000000.0,
    10000000.0,
    3000000.0,
    8000000.0,
    10000000.0,
    10000000.0,
    5000000.0,
    4500.0,
    5000000.0,
    8500000.0,
    5000000.0
  ],
  "salary_mean": 15219031.25,
  "salary_std": 34999417.33910935,
  "loan_amount_distribution": [
    1100000.0,
    1600000.0,
    750000.0,
    300000.0,
    1300000.0,
    2000000.0,
    25957690.0,
    1100000.0,
    1800000.0,
    15000000.0,
    1000000.0,
    780000.0,
    300000.0,
    5500000.0,
    22900000.0,
    800000.0
  ],
  "loan_amount_mean": 5136730.625,
  "loan_amount_std": 8093927.298888553,
  "inquiry_count_distribution": [
    31.0,
    32.0,
    9.0,
    22.0,
    11.0,
    30.0,
    27.0,
    14.0,
    21.0,
    13.0,
    25.0,
    20.0,
    37.0,
    7.0,
    20.0,
    31.0
  ],
  "inquiry_count_mean": 21.875,
  "inquiry_count_std": 8.852083088177608,
  "applist_count_distribution": [
    44,
    67,
    13,
    123,
    41,
    106,
    41,
    30,
    47,
    27,
    49,
    28,
    65,
    37,
    18,
    12
  ],
  "applist_count_mean": 46.75,
  "applist_count_std": 30.038516940754583,
  "loan_feature_vectors": [
    [
      17,
      1100000.0,
      130882.35294117648,
      3
    ],
    [
      37,
      1600000.0,
      247945.94594594595,
      8
    ],
    [
      4,
      750000.0,
      262500.0,
      2
    ],
    [
      1,
      300000.0,
      300000.0,
      1
    ],
    [
      4,
      1300000.0,
      525750.0,
      2
    ],
    [
      28,
      2000000.0,
      823503.6071428572,
      11
    ],
    [
      61,
      25957690.0,
      2594501.6393442624,
      14
    ],
    [
      4,
      1100000.0,
      412500.0,
      2
    ],
    [
      105,
      1800000.0,
      584804.3523809523,
      8
    ],
    [
      325,
      15000000.0,
      914356.1076923077,
      23
    ],
    [
      27,
      1000000.0,
      342185.18518518517,
      6
    ],
    [
      16,
      780000.0,
      231874.875,
      7
    ],
    [
      6,
      300000.0,
      158666.66666666666,
      3
    ],
    [
      48,
      5500000.0,
      1422500.0,
      8
    ],
    [
      56,
      22900000.0,
      3133463.0178571427,
      11
    ],
    [
      8,
      800000.0,
      225052.25,
      4
    ]
  ],
  "app_feature_vectors": [
    [
      44,
      0,
      44
    ],
    [
      67,
      0,
      67
    ],
    [
      13,
      0,
      13
    ],
    [
      123,
      0,
      123
    ],
    [
      41,
      0,
      41
    ],
    [
      106,
      0,
      106
    ],
    [
      41,
      0,
      41
    ],
    [
      30,
      0,
      30
    ],
    [
      47,
      0,
      47
    ],
    [
      27,
      0,
      27
    ],
    [
      49,
      0,
      49
    ],
    [
      28,
      0,
      28
    ],
    [
      65,
      0,
      65
    ],
    [
      37,
      0,
      37
    ],
    [
      18,
      0,
      18
    ],
    [
      12,
      0,
      12
    ]
  ]
}